seg_id,time_to_failure
seg_00030f,3.68059
seg_0012b5,4.81790
seg_00184e,5.10349
seg_003339,9.01294
seg_0042cc,6.51144
seg_004314,2.97112
seg_004cd2,7.93193
seg_004ee5,6.05011
seg_004f1f,3.92705
seg_00648a,2.97376
seg_006e4a,3.35685
seg_007a37,3.25658
seg_00a37e,2.65787
seg_00be11,2.49102
seg_00c35b,8.65163
seg_00cc91,2.68270
seg_00e5f7,5.95598
seg_00f3b9,2.36146
seg_010eab,7.12718
seg_0125d9,4.92414
seg_0144cb,4.35375
seg_0165c6,10.93755
seg_016913,2.66840
seg_016cdb,4.06110
seg_017314,6.08317
seg_01a8dc,3.42783
seg_01c775,8.50247
seg_01ecb0,2.53020
seg_02042f,2.41252
seg_025e78,4.63098
seg_032822,3.44432
seg_0339ca,4.88078
seg_037461,2.58002
seg_038879,8.12146
seg_03d386,1.60613
seg_03d63e,3.42053
seg_03d680,9.57481
seg_03f380,2.46830
seg_0445d7,5.74211
seg_046c28,3.15235
seg_0488a1,8.67996
seg_049957,8.60843
seg_04a696,8.40936
seg_04ae38,4.28755
seg_04b87a,8.75163
seg_04cceb,8.26745
seg_04ee93,8.19338
seg_04fd93,6.76698
seg_0536c9,3.28831
seg_055127,6.42619
seg_05a1b0,3.63053
seg_05a4ad,7.79551
seg_05b66a,7.96129
seg_05bef4,2.84056
seg_05e0d7,5.46975
seg_05f126,8.54769
seg_05f9d6,7.46081
seg_060ce4,3.08557
seg_061a33,7.94586
seg_0620e6,6.77300
seg_063865,7.24009
seg_065588,4.27097
seg_06893f,3.50100
seg_06b8c9,5.15600
seg_06bbc5,3.17033
seg_06d4a2,3.11211
seg_06d7ba,3.54604
seg_070bb0,2.23667
seg_071067,2.40718
seg_073696,9.70453
seg_075340,3.87653
seg_075f77,4.13819
seg_0775a7,2.18072
seg_077b7e,4.95453
seg_079e34,3.01978
seg_07c815,2.83416
seg_07cd72,4.99099
seg_07f37c,3.29535
seg_07f8df,3.79580
seg_07fc6d,8.22936
seg_086a61,9.77251
seg_0870ab,3.74635
seg_0879a8,9.40284
seg_08b136,8.13649
seg_08f441,3.46599
seg_08fd5b,4.94127
seg_091c9d,9.09083
seg_093a0a,7.97172
seg_0968f1,7.01446
seg_0981f3,2.73654
seg_09dd59,7.74334
seg_09ed4e,8.68774
seg_09f0ff,2.84165
seg_0a0fbb,10.32018
seg_0a1bd0,5.98823
seg_0a42ba,9.63519
seg_0a45a1,2.33087
seg_0a97c4,4.31430
seg_0aa0fb,7.35906
seg_0b07c7,5.22035
seg_0b082e,9.79448
seg_0b32f7,3.63093
seg_0b3b94,5.37247
seg_0b48c4,3.07613
seg_0b4b24,2.49781
seg_0b54ac,3.58598
seg_0b76f5,10.48593
seg_0b9ad8,8.89910
seg_0b9ba3,10.11678
seg_0ba210,9.83605
seg_0ba585,3.16199
seg_0bb5fd,4.49393
seg_0bc877,2.91698
seg_0be6ee,3.18426
seg_0c12cc,8.03556
seg_0c1d3a,3.79276
seg_0c247b,6.66442
seg_0c3943,2.94035
seg_0c4e31,1.91837
seg_0c74cf,2.12683
seg_0c8502,10.16160
seg_0c89ce,6.56569
seg_0c9aa8,9.56656
seg_0cb81b,3.07831
seg_0cca14,3.11064
seg_0cdcc8,2.43806
seg_0cf651,2.15290
seg_0d0250,3.80983
seg_0d04b9,4.17020
seg_0d13a7,3.51575
seg_0d434c,10.62850
seg_0d540e,2.98114
seg_0d663a,8.80472
seg_0d6d68,4.23986
seg_0d762e,6.44637
seg_0d833c,7.49675
seg_0dae4b,3.14659
seg_0dc38f,2.18721
seg_0dcc40,6.35224
seg_0df469,3.47973
seg_0df75c,10.29513
seg_0dfe8c,4.76475
seg_0e1370,2.34130
seg_0e1fbe,4.33549
seg_0e3739,4.32537
seg_0e3d44,2.00330
seg_0e3ed2,2.07684
seg_0e4833,9.78056
seg_0e7cc5,7.58037
seg_0e8b79,10.38939
seg_0e9987,3.95835
seg_0e9bb3,6.11894
seg_0eb333,1.77950
seg_0ebfd9,5.97802
seg_0f565c,4.22938
seg_0f74a3,7.59976
seg_0f8961,10.72011
seg_0fc67a,9.54908
seg_0fca83,2.10342
seg_0fd3ff,2.91747
seg_1010ad,7.71549
seg_103b32,4.54593
seg_105cd9,2.08112
seg_1084af,4.26565
seg_10a595,5.76707
seg_10c09d,10.47190
seg_10f3a6,2.89696
seg_112b81,6.69943
seg_1144bc,10.06716
seg_114b79,4.38125
seg_115617,4.52395
seg_115a92,2.90314
seg_11647f,2.32861
seg_117278,4.26589
seg_117ff4,3.68895
seg_11860f,6.62081
seg_1201e8,3.33044
seg_121446,8.09552
seg_121cba,2.30628
seg_122ba9,2.55909
seg_123dd4,8.96251
seg_12ac20,9.66150
seg_12b9ba,7.21688
seg_12ee6e,3.57461
seg_130e17,2.88778
seg_13468a,4.13975
seg_136285,6.32990
seg_136695,8.58707
seg_137f8a,7.93559
seg_138807,4.26685
seg_13c2f0,3.51581
seg_13e25f,6.65712
seg_140bc5,3.01865
seg_141f34,10.39177
seg_146926,9.95855
seg_148698,8.54989
seg_14ad27,2.51165
seg_14c054,8.91795
seg_14c371,8.24271
seg_14c435,2.05653
seg_14c89d,4.79752
seg_14c8ce,7.50175
seg_14d1d3,5.37583
seg_14f5f0,8.96615
seg_151368,7.94354
seg_151d92,3.02799
seg_153d6a,10.13434
seg_154361,8.67937
seg_1562cb,9.04338
seg_158691,4.30613
seg_158764,7.86962
seg_15adff,2.85633
seg_15bf25,8.09456
seg_15c9f9,1.72718
seg_161aeb,8.44488
seg_161f5f,3.58957
seg_162fc4,7.44824
seg_16566c,4.99158
seg_166f70,9.49408
seg_168d1c,6.73628
seg_16a270,7.11953
seg_16c3a7,3.62611
seg_17067e,5.13396
seg_170684,7.10918
seg_170a0c,9.92948
seg_176542,7.27799
seg_17799c,8.66285
seg_179d90,9.22279
seg_17adc0,4.84099
seg_17d1ff,3.09054
seg_17e596,7.83918
seg_180481,6.19948
seg_18096a,6.70485
seg_1815fe,9.96908
seg_1827c5,8.77454
seg_184222,4.27362
seg_185ad6,8.05853
seg_18d1d0,2.38053
seg_18d307,1.93705
seg_18f633,2.23933
seg_18f853,4.61476
seg_18fb65,1.92600
seg_193404,10.13015
seg_19515c,5.79172
seg_195eda,5.18721
seg_1969c8,8.77899
seg_19b08e,3.84815
seg_19b9dd,7.23107
seg_19e1ff,7.08288
seg_19ec5c,10.56427
seg_1a0e94,9.14506
seg_1a0eca,5.84380
seg_1a671a,2.91097
seg_1a791c,3.97013
seg_1a8e06,3.07325
seg_1a8f0d,3.88253
seg_1a8f2c,9.15976
seg_1abcaf,2.82856
seg_1ac9e2,4.25209
seg_1ae362,8.02512
seg_1afa29,3.13520
seg_1b08a4,6.96608
seg_1b1ad8,5.39512
seg_1b2298,8.08206
seg_1b78af,3.81517
seg_1baf33,3.73513
seg_1bd38e,7.88871
seg_1bf7b3,2.97777
seg_1c401b,8.61134
seg_1c4c5b,5.56498
seg_1c4e72,3.88468
seg_1c849d,6.80721
seg_1c904f,3.20618
seg_1c929e,4.01271
seg_1cb942,9.89702
seg_1cd352,5.48459
seg_1cf1b5,2.55863
seg_1d044c,4.47121
seg_1d11e5,2.92065
seg_1d596d,3.87223
seg_1d980f,3.44735
seg_1da819,2.85935
seg_1db443,6.62109
seg_1db8e8,11.16543
seg_1dec9c,9.33041
seg_1e0523,3.26949
seg_1e0b82,7.87857
seg_1e572b,8.43566
seg_1e617a,2.47514
seg_1e61d6,1.96902
seg_1e677e,4.90648
seg_1eae76,4.71533
seg_1ebe6b,2.31302
seg_1ece48,2.32721
seg_1eeb8f,4.19602
seg_1ef708,3.06794
seg_1f1e60,8.74425
seg_1f3d44,7.00009
seg_1f3ede,2.38112
seg_1f5240,3.81291
seg_1f7cf8,3.43215
seg_1f9aed,5.60224
seg_1fa983,2.85107
seg_1fc7ab,6.31742
seg_1fe311,11.44490
seg_2005a7,4.90690
seg_2018c8,10.10471
seg_204dc6,3.44306
seg_208ba5,3.26331
seg_2099f4,6.52372
seg_20a990,3.75958
seg_20b8d0,6.67637
seg_20cbac,2.70666
seg_20cc25,1.97823
seg_20d9de,10.50524
seg_20e9ad,3.21528
seg_210388,5.52746
seg_211299,7.22725
seg_211486,9.59687
seg_214492,2.32346
seg_217eed,2.74744
seg_218049,2.29285
seg_21eebb,3.95195
seg_21faa9,10.67077
seg_222c5f,3.38325
seg_225320,10.72786
seg_226e60,7.67079
seg_229eda,6.86106
seg_22e509,2.94466
seg_2313d1,4.90730
seg_232559,8.37711
seg_23323e,2.57588
seg_2367fb,7.85519
seg_238242,8.00965
seg_2383c2,5.87927
seg_2396a2,3.36753
seg_23b123,9.70281
seg_23bdf9,6.55247
seg_23c947,0.47696
seg_23efb0,4.89022
seg_23f823,3.57943
seg_23fe27,9.14497
seg_241266,2.69085
seg_24157a,6.47468
seg_24458d,5.83637
seg_2465ce,6.56245
seg_247262,5.23340
seg_24ba8d,4.05816
seg_24c078,7.58842
seg_24c1c9,3.83491
seg_24e071,2.74089
seg_24f338,0.71449
seg_257b8a,7.47684
seg_2597af,3.25472
seg_259c63,4.06731
seg_259d65,2.50459
seg_259dd3,9.51124
seg_25aa9f,9.53408
seg_25ab3f,4.36285
seg_25b38a,8.77483
seg_25c8dc,7.82323
seg_25cca7,6.96074
seg_25e76d,3.60751
seg_26049e,9.29697
seg_263deb,2.57904
seg_263fb3,1.92047
seg_2642d0,3.78625
seg_2642d4,6.42077
seg_264c7d,8.95835
seg_266805,4.22976
seg_266c6e,5.01120
seg_266d4e,5.03339
seg_268249,6.54793
seg_268625,1.67617
seg_268956,4.19002
seg_26a2a0,1.39059
seg_26cba3,2.48641
seg_26edaa,9.73014
seg_2700bd,3.99368
seg_272a47,1.85426
seg_274a1a,5.45956
seg_2774c4,9.17381
seg_279725,10.40763
seg_27a282,6.08727
seg_27b7c8,8.61386
seg_27db4d,6.71565
seg_27de37,7.83627
seg_27f532,8.77461
seg_27ff17,3.89661
seg_280863,1.13577
seg_280e3b,3.72186
seg_284223,6.71036
seg_284923,9.14816
seg_287e60,2.62315
seg_287fef,2.90191
seg_288001,4.13000
seg_2883ec,8.06101
seg_289d99,2.28824
seg_28fc32,7.14213
seg_29022f,3.84244
seg_2916e3,8.40545
seg_293dbf,3.35841
seg_293dc2,2.64207
seg_29475f,4.33099
seg_295b1c,9.06664
seg_2977cd,4.87688
seg_29a073,4.47662
seg_29acb7,3.63135
seg_29c772,5.48655
seg_29c906,5.10292
seg_29d497,6.13595
seg_29d4c6,9.90480
seg_29e799,5.80037
seg_2a0ace,11.10359
seg_2a0afc,5.39849
seg_2a0dc0,9.24113
seg_2a2f1e,6.40045
seg_2a4551,7.12668
seg_2a6343,7.91578
seg_2a8351,2.78764
seg_2aa101,2.83225
seg_2abd33,4.71804
seg_2b2cb3,6.76662
seg_2b372b,4.05410
seg_2b4959,4.91113
seg_2b6d52,7.42231
seg_2ba79a,2.39176
seg_2bcbde,9.66676
seg_2be983,8.60682
seg_2bf5be,9.59544
seg_2bf9dd,7.59681
seg_2c3203,1.81263
seg_2c5e9f,6.56076
seg_2c6011,4.16304
seg_2c69e4,8.63127
seg_2c762c,6.78991
seg_2cac57,8.41842
seg_2cadc0,6.68010
seg_2cdbe3,2.46050
seg_2d3828,5.22219
seg_2d402d,2.21940
seg_2d427f,2.04890
seg_2d5544,4.17446
seg_2d7cc4,3.72540
seg_2d92f0,8.48734
seg_2db7dc,4.33984
seg_2dc6ff,1.78933
seg_2dccec,3.78404
seg_2dcd3a,3.22688
seg_2dcd84,6.58110
seg_2dfb91,2.44735
seg_2e2372,7.73000
seg_2e50fb,3.88464
seg_2e64af,4.20278
seg_2e71dd,2.27092
seg_2e88dd,6.97580
seg_2e917f,4.80401
seg_2e9a47,7.51824
seg_2ea616,5.03778
seg_2eccb9,3.32689
seg_2ece02,2.72469
seg_2ed79b,3.56381
seg_2eddf6,7.42341
seg_2ee95c,9.53760
seg_2efd5c,8.60375
seg_2f1664,7.87983
seg_2f4f14,3.74957
seg_2f5695,2.88506
seg_2f60db,8.19680
seg_2f86cd,2.27072
seg_2f8e19,8.27046
seg_2f8f6d,9.82536
seg_2f9336,7.12797
seg_2f9581,2.77114
seg_2fb672,9.12889
seg_2fe382,4.67912
seg_301c1e,7.39859
seg_30207d,11.01753
seg_304581,4.82539
seg_304b87,4.59694
seg_304df5,9.47048
seg_30501b,8.86832
seg_3065ba,4.00791
seg_30661b,3.53573
seg_306756,7.71154
seg_30ad2a,2.55849
seg_30b043,3.50041
seg_30da11,2.27911
seg_30fd84,9.35087
seg_310230,3.33687
seg_31064b,2.61111
seg_311499,2.60702
seg_311b5e,2.85004
seg_3128e6,3.99757
seg_3151ff,5.60821
seg_31631c,6.63364
seg_316f86,4.46762
seg_318135,2.25137
seg_31a51f,1.98370
seg_31a6cd,3.66170
seg_31b808,7.01351
seg_31c0f4,9.42823
seg_31d763,6.36545
seg_31d7bf,2.35822
seg_31d810,8.05528
seg_31ddc5,7.93329
seg_3234ca,3.20840
seg_324447,6.53656
seg_324537,4.44280
seg_325790,2.90591
seg_326eb7,4.75057
seg_327ed4,1.84872
seg_32906d,2.28573
seg_32ad0f,10.33372
seg_32c904,8.93656
seg_32d747,4.19950
seg_32e763,2.48965
seg_32f3a9,5.89564
seg_32f6df,4.11848
seg_32f72d,5.51450
seg_32fc4e,11.96378
seg_330579,3.56828
seg_3319b5,7.30902
seg_331f2b,9.92382
seg_3340b9,5.31309
seg_335170,2.37230
seg_337b8c,3.23260
seg_339f80,6.47702
seg_33c30d,3.12156
seg_342ce6,8.33578
seg_343571,8.45118
seg_3452b2,4.32045
seg_34a2b8,5.58044
seg_34a8f7,9.88345
seg_34abd2,2.35742
seg_34ef79,5.26877
seg_3506d6,3.28011
seg_35269b,11.23037
seg_355717,2.16987
seg_355d19,9.86124
seg_35a2d7,8.71518
seg_35b009,3.35590
seg_35b753,5.04340
seg_35ba8f,9.63162
seg_35c587,2.32131
seg_35dd45,11.43495
seg_35ee83,3.23696
seg_36147d,2.60870
seg_361f5a,10.09295
seg_3631ec,4.09103
seg_3661de,9.16163
seg_369570,5.36834
seg_36b77f,9.15969
seg_36e32d,9.33217
seg_3706be,7.26240
seg_373a04,6.96465
seg_373ba6,3.25546
seg_37608b,5.44178
seg_3761d0,2.43704
seg_37669c,2.22446
seg_376908,1.85552
seg_377134,3.59381
seg_3788c5,9.49928
seg_37bf85,2.54622
seg_37f3fb,2.44025
seg_38001b,2.25094
seg_383b6b,3.19924
seg_383f2e,8.06673
seg_3865bc,3.17777
seg_3878d0,2.32171
seg_389906,7.69688
seg_38ad16,10.31771
seg_38ee24,6.82658
seg_392019,6.32259
seg_39300d,2.98168
seg_395e0e,9.35149
seg_397983,7.07080
seg_397dc9,9.11966
seg_398a25,4.41377
seg_39a886,6.18142
seg_39ad50,3.06665
seg_3a1600,4.71726
seg_3a22ac,5.98246
seg_3a80c5,6.94547
seg_3a8a76,2.74309
seg_3aca44,2.03258
seg_3adb1a,4.28507
seg_3ae4d9,2.69705
seg_3af649,5.94750
seg_3b2013,2.43475
seg_3b30fd,9.22905
seg_3b4414,3.58740
seg_3b7175,4.43461
seg_3b7724,9.84459
seg_3b95d2,9.11253
seg_3b95dc,3.27434
seg_3ba485,9.50952
seg_3bb90a,3.82193
seg_3bc9ed,6.39443
seg_3bd97e,9.91192
seg_3bf9ac,2.25630
seg_3bfcf6,4.38156
seg_3c3ddf,3.17114
seg_3c4106,4.74248
seg_3c64fb,6.90930
seg_3c8545,3.28373
seg_3cba49,7.03199
seg_3cbccf,3.49685
seg_3ce740,8.72841
seg_3cfb73,9.81420
seg_3d059a,3.38583
seg_3d06cc,6.42931
seg_3d19fc,3.97849
seg_3d1cb3,6.06588
seg_3d1f2e,5.50089
seg_3d581c,2.76431
seg_3d6aac,7.79084
seg_3d6e79,6.32574
seg_3d9aa0,4.78090
seg_3db0a8,3.33494
seg_3e00cd,9.11123
seg_3e55d5,2.74959
seg_3e87b4,1.98676
seg_3ec967,4.76117
seg_3edf51,3.06681
seg_3f2086,10.10524
seg_3f3689,3.36357
seg_3f3983,6.97260
seg_3f5be6,4.30304
seg_3f80ef,4.32150
seg_3f99c8,2.34727
seg_3fb24b,4.11245
seg_3fc7ca,10.06795
seg_3fdae0,6.18197
seg_407b2b,5.39008
seg_40b3aa,1.97986
seg_40f810,3.41678
seg_411225,2.78560
seg_414d0f,6.25898
seg_4185b3,5.32067
seg_419531,8.57503
seg_419b2a,8.74749
seg_41a267,10.96550
seg_41aadc,5.51464
seg_41ab7e,8.21836
seg_41be18,7.32843
seg_41be7d,6.67012
seg_41f45e,8.29341
seg_420bcc,5.70560
seg_420d4e,7.09422
seg_421a96,7.22048
seg_421da1,8.43699
seg_423ebe,4.68282
seg_425462,3.34339
seg_42648c,3.03116
seg_4280d9,8.99958
seg_428d66,3.17025
seg_42c4c9,1.34663
seg_42e7e8,5.02188
seg_42ff14,7.48480
seg_430e66,6.87425
seg_43383f,4.94618
seg_434c96,2.55513
seg_43597f,3.21512
seg_43c6f4,6.91184
seg_440106,8.30984
seg_4401d8,6.95204
seg_441c6d,8.40712
seg_4435bd,3.47761
seg_447972,4.11622
seg_447b8b,8.92728
seg_447cb3,7.93124
seg_44d3ca,4.00066
seg_455b16,3.84731
seg_456149,9.76322
seg_457234,11.00018
seg_45838b,5.93211
seg_4587bb,7.91389
seg_45a8a9,4.25275
seg_45b051,2.14694
seg_45e062,10.08567
seg_45e4ed,2.87744
seg_45e7ad,3.11312
seg_46012e,9.84382
seg_460436,8.46014
seg_461ab5,2.61166
seg_461b63,3.08770
seg_462c1d,7.40226
seg_464839,5.50263
seg_468bc9,9.00769
seg_468fdb,4.11954
seg_46a42b,3.85263
seg_46b84d,6.99010
seg_46c6d3,8.51455
seg_46dd7c,2.10062
seg_4729a7,3.49076
seg_4743ab,8.43279
seg_4743fa,9.40510
seg_476700,3.44644
seg_476bdb,2.21033
seg_477c83,5.84048
seg_478327,6.50013
seg_47a48f,8.65203
seg_47d374,3.86681
seg_47fed6,7.53796
seg_482745,4.33370
seg_4848e3,4.62421
seg_484901,2.85478
seg_486973,4.41223
seg_48a4b3,8.95064
seg_48a80c,2.42452
seg_48b545,8.22670
seg_48feba,3.74746
seg_490092,9.40866
seg_490d6e,5.59581
seg_492dc6,3.56060
seg_49322d,6.84407
seg_49336f,2.70908
seg_495573,11.03835
seg_496d07,3.90065
seg_496dad,2.43667
seg_49b0cb,10.87205
seg_49d84b,7.07207
seg_49fdf0,9.12627
seg_4a2525,9.37990
seg_4a6096,2.51064
seg_4a719c,6.37471
seg_4a91a9,2.30533
seg_4a9e6b,7.62279
seg_4a9e8d,9.00381
seg_4ab7bf,8.55691
seg_4abc29,2.38731
seg_4acc4b,3.21668
seg_4ad5a2,6.55303
seg_4ad674,4.74743
seg_4adeda,10.57556
seg_4ae37c,8.69240
seg_4ae712,9.32553
seg_4b0839,2.34518
seg_4b4c91,7.90010
seg_4b4ffb,2.87401
seg_4b8044,4.79734
seg_4b953a,2.29889
seg_4ba3d1,8.90872
seg_4c067a,4.98501
seg_4c12b2,2.12505
seg_4c18e2,2.68650
seg_4c3a2b,9.08209
seg_4c4995,6.32424
seg_4c65e6,8.99475
seg_4c8db6,8.21204
seg_4ca6de,6.68336
seg_4cb0d7,4.28814
seg_4cb9c6,3.68082
seg_4ce234,6.05284
seg_4d0008,3.59187
seg_4d0041,8.42163
seg_4d0c45,7.06648
seg_4d18f4,1.96291
seg_4d2671,6.64565
seg_4d53c2,10.07546
seg_4d5a4a,2.17689
seg_4d7c56,4.77934
seg_4d8f0f,4.85962
seg_4db886,9.32522
seg_4db997,2.66652
seg_4dbbd1,8.56801
seg_4ddddc,7.63802
seg_4dfa03,2.24076
seg_4e0c4a,9.70945
seg_4e2c66,2.43381
seg_4e3bd7,1.61798
seg_4e627b,3.79428
seg_4e9646,8.11900
seg_4ea3fa,6.54738
seg_4ea81c,3.35226
seg_4eb127,2.19924
seg_4eeaef,3.78138
seg_4eef28,10.06518
seg_4f48b4,1.96807
seg_4f5931,8.76574
seg_4f76a2,3.50563
seg_4f83a3,8.79188
seg_4fa87d,8.67857
seg_4fce5b,2.73367
seg_4fd191,2.24095
seg_500108,4.13717
seg_5009d9,3.60481
seg_500c80,6.69593
seg_502fab,8.39538
seg_507065,3.50887
seg_5090fa,7.34035
seg_509d55,4.19593
seg_50a667,2.29440
seg_50b048,6.26973
seg_50e270,8.14881
seg_511d25,8.92388
seg_512b3e,8.63490
seg_514543,4.11231
seg_5147e1,3.60451
seg_514b85,10.24706
seg_5165a4,7.18482
seg_517345,6.32852
seg_517425,2.43173
seg_51865e,3.57309
seg_518b1e,1.79455
seg_51b68c,9.68237
seg_51f0a2,3.18585
seg_51f6fd,6.93342
seg_521a88,7.63188
seg_523945,2.09338
seg_524b39,6.16564
seg_5254ce,10.78863
seg_5255c0,8.26037
seg_52636c,2.41625
seg_529be4,5.49759
seg_529c99,4.10343
seg_52c139,8.94515
seg_530a02,10.59906
seg_53103b,3.18111
seg_5311d1,1.86662
seg_533613,9.92802
seg_53498a,4.28641
seg_53a557,3.31561
seg_53a5fd,5.32791
seg_53bdf5,8.86463
seg_53caf1,7.57141
seg_53d818,2.49946
seg_53e645,6.52190
seg_53fa13,2.88531
seg_5407b0,2.34120
seg_5445bc,3.25923
seg_54490e,8.07005
seg_545fda,9.09442
seg_5467c8,9.49978
seg_546864,10.96732
seg_5470ca,3.31032
seg_5495ca,2.21364
seg_54af0d,2.03716
seg_54b0ee,7.65163
seg_54d0f3,3.23239
seg_55239a,2.29444
seg_552b8e,9.08320
seg_5559d9,2.16091
seg_555f63,1.98588
seg_5597ed,3.68732
seg_55a0c3,4.09839
seg_55a9a4,8.20844
seg_55b566,2.12054
seg_55d50b,3.38793
seg_561cf4,2.02943
seg_563059,8.53882
seg_5639b3,6.36903
seg_566efe,10.05013
seg_56e3e7,9.33412
seg_56e6f1,5.41369
seg_56ebc7,3.57515
seg_570a20,4.66667
seg_570d69,8.86247
seg_572172,6.76839
seg_5759c9,6.76927
seg_5765b6,6.73314
seg_578e84,9.23982
seg_57908c,3.88796
seg_57b6c0,5.40540
seg_57dd68,9.86212
seg_57ea44,2.35113
seg_580b65,7.18983
seg_581fac,2.21382
seg_585872,8.73046
seg_586726,3.78846
seg_586c0f,3.35219
seg_5887a8,8.54830
seg_588f61,2.94937
seg_58d52d,9.70733
seg_58e74b,2.78349
seg_58e9f9,8.75991
seg_58ea74,8.85623
seg_59058a,2.15826
seg_590fa5,5.94474
seg_591954,8.77472
seg_5924f5,3.87955
seg_592807,8.80252
seg_593c34,3.06245
seg_5965d8,4.16781
seg_596ae3,7.15396
seg_5975f4,3.33599
seg_597bd6,7.23228
seg_59818b,6.57562
seg_59cd7d,2.62873
seg_59cfdb,9.02529
seg_59d484,5.73263
seg_59de0b,1.70110
seg_59e1db,8.03678
seg_59eb97,5.52901
seg_5a0479,5.01445
seg_5a1adb,3.96554
seg_5a242e,8.19721
seg_5a67b5,9.15307
seg_5a947e,3.80570
seg_5abfdd,5.21977
seg_5ad847,3.65198
seg_5b392b,2.75860
seg_5b7325,3.82011
seg_5b8c39,2.42515
seg_5bc0b0,9.22265
seg_5bd9ae,5.84486
seg_5bdb47,4.02964
seg_5bfbf0,4.74828
seg_5c0929,3.65413
seg_5c1a4d,2.50889
seg_5c530f,3.30559
seg_5c57a8,2.16709
seg_5c8ae5,4.70679
seg_5c9077,7.82740
seg_5cd98b,2.96945
seg_5cde88,2.14520
seg_5cfba9,9.11522
seg_5cfdc4,5.04902
seg_5d333e,3.27783
seg_5d45db,6.65648
seg_5d92af,7.63924
seg_5d94b2,3.25689
seg_5e020f,4.28564
seg_5e0902,2.39137
seg_5e1bba,5.41242
seg_5e541f,2.01826
seg_5e635a,2.99416
seg_5e668a,11.26010
seg_5e70a7,8.07183
seg_5e7abf,3.04408
seg_5e8ef4,7.93524
seg_5eb380,3.48796
seg_5ec0e3,7.69882
seg_5ed47e,10.49891
seg_5ef47e,6.33983
seg_5f0a92,3.85577
seg_5f24d3,8.99888
seg_5f352e,2.53396
seg_5f355e,7.86534
seg_5f46a5,6.61037
seg_5f7fd9,5.58215
seg_5fe414,2.92150
seg_60277f,3.79413
seg_6074f9,4.54367
seg_607559,8.23737
seg_60ab20,10.41174
seg_60b696,4.61411
seg_60dacd,10.89890
seg_60df2a,6.34859
seg_610379,4.15188
seg_61219c,4.34251
seg_613702,4.87451
seg_614b50,2.20052
seg_6153ca,8.64528
seg_6167f0,4.94898
seg_616c8b,10.29644
seg_61b50d,3.22850
seg_61f504,3.26783
seg_620ee4,3.77809
seg_622e9d,3.87083
seg_62331a,3.70071
seg_6262c4,7.94549
seg_629822,4.15743
seg_62a403,10.38292
seg_62c582,4.31225
seg_63130f,9.47048
seg_633651,5.38367
seg_634180,3.64783
seg_634f05,2.67232
seg_635770,7.82683
seg_63582a,10.56006
seg_63c13d,5.37055
seg_63c518,2.35418
seg_63c8e4,10.54352
seg_63c983,2.07538
seg_63c9a3,5.32778
seg_63d651,3.80783
seg_6422d1,7.23567
seg_643d1f,6.50912
seg_643f86,8.80541
seg_64bcb9,9.64583
seg_64be5d,8.72707
seg_64be91,6.32976
seg_64daae,2.23883
seg_64dcf0,5.70835
seg_64f8dc,4.20035
seg_650de2,3.33860
seg_651808,3.11667
seg_652cc2,4.14942
seg_655780,2.30330
seg_655ad6,8.08641
seg_655cae,3.82746
seg_658bf4,2.34507
seg_659ff8,3.86274
seg_65b962,3.78412
seg_65c4e1,8.04764
seg_65ef95,4.32537
seg_65f01e,9.07152
seg_65fbac,9.14139
seg_660fe1,2.27621
seg_660fef,5.60170
seg_661629,3.13461
seg_666056,3.48280
seg_6681ee,2.05755
seg_66820a,3.39810
seg_6696d0,3.68707
seg_66b7c3,7.92642
seg_66e45a,6.13738
seg_66ed4d,2.02289
seg_670bde,2.10866
seg_67330f,4.76533
seg_673c60,3.62388
seg_67599b,6.77042
seg_679dd2,8.44869
seg_67aa76,4.70911
seg_68102c,9.02977
seg_683ddf,2.28699
seg_686edc,6.96004
seg_687a5c,2.11872
seg_68a484,9.59458
seg_68da94,3.52219
seg_691a72,6.60296
seg_692e7a,7.04855
seg_6951e0,3.70981
seg_695380,2.60490
seg_696621,3.69717
seg_6968c8,3.58141
seg_69787a,6.48368
seg_69a230,3.97974
seg_69a53e,6.37842
seg_69dbad,6.13267
seg_6a05e7,3.63503
seg_6a116b,5.72704
seg_6a26de,2.33142
seg_6a45a0,3.53098
seg_6a4ad1,9.45669
seg_6ab188,6.92370
seg_6ac67a,2.93696
seg_6ac82a,3.38731
seg_6ae32d,2.69879
seg_6b0107,6.74503
seg_6b2ce0,6.86180
seg_6b3a9d,3.37538
seg_6b4e04,9.21818
seg_6b536d,3.65102
seg_6b9511,8.25470
seg_6b9d02,4.35612
seg_6be48e,2.46982
seg_6c292b,5.92959
seg_6c309f,2.86175
seg_6c34c2,2.68292
seg_6c8a45,5.09970
seg_6c909f,2.67216
seg_6cfb76,4.88802
seg_6d01a3,7.41922
seg_6d35cd,2.45111
seg_6d36a1,9.57307
seg_6d4109,8.78035
seg_6d4fa6,3.56247
seg_6d6fad,3.81404
seg_6da1ff,6.45591
seg_6dac5d,9.89982
seg_6dd0fc,4.13362
seg_6de4fd,8.76155
seg_6de935,8.81033
seg_6df48e,8.24613
seg_6dfab7,3.45739
seg_6e12ae,4.82050
seg_6e12ee,2.67667
seg_6e1ee7,9.28405
seg_6e572a,3.92187
seg_6e5a38,2.00753
seg_6e7f73,9.45888
seg_6e98aa,3.50999
seg_6eb146,9.00869
seg_6ed49a,6.50292
seg_6edcb8,6.39359
seg_6eedcc,8.52401
seg_6f17de,2.22832
seg_6f2222,3.54146
seg_6f3d90,7.37443
seg_6f60b2,2.96775
seg_6f650f,9.19209
seg_6f9a98,7.34044
seg_6fb17f,5.13652
seg_6fc3ef,8.98579
seg_6fc8b3,8.31834
seg_6fd5bb,8.78189
seg_7012af,8.93170
seg_7020c5,8.29653
seg_702e03,2.49809
seg_703cea,8.08226
seg_705463,4.02901
seg_708349,8.47626
seg_70991d,5.42974
seg_709b6a,9.60008
seg_709d08,5.65884
seg_70a60e,6.53077
seg_70b375,7.48754
seg_70be4d,10.23531
seg_70e891,3.45441
seg_70edf5,7.80541
seg_70fb30,9.94048
seg_7120ac,5.12458
seg_71238c,9.22476
seg_71348a,2.03646
seg_715e2c,7.60336
seg_715ff6,7.54061
seg_7189ca,7.84598
seg_718b53,2.42236
seg_71936f,3.17326
seg_71b4e0,3.39689
seg_71b975,3.51705
seg_71c9e9,3.57971
seg_71f571,3.57558
seg_7211f1,8.25862
seg_724df9,0.11551
seg_725772,8.64571
seg_725e84,2.21079
seg_727fc7,3.52708
seg_72858d,3.49541
seg_72859b,4.14596
seg_72aba8,5.44163
seg_72b68c,8.49048
seg_72c307,7.64579
seg_72ebda,7.14939
seg_72f40a,7.34358
seg_730ebe,3.66389
seg_734a88,9.78186
seg_73565e,3.74084
seg_735cdd,3.88287
seg_73858d,10.19296
seg_738be6,2.62992
seg_739643,7.05031
seg_739679,2.84943
seg_739856,10.23714
seg_739fb0,3.38265
seg_73ab4a,1.89182
seg_73b0f7,7.63521
seg_740837,3.50561
seg_741fc1,8.18875
seg_74235f,4.66912
seg_7428e7,6.97562
seg_743775,6.48931
seg_74537f,6.41914
seg_746d1d,3.10738
seg_7480f4,8.57116
seg_74b264,3.02095
seg_74b3bd,6.86549
seg_74ce61,8.68799
seg_74d58a,9.21635
seg_74d8cc,5.31881
seg_74dda9,7.41636
seg_74f330,2.55665
seg_74fcfc,9.63387
seg_74ffde,6.33680
seg_750244,6.45478
seg_750c93,2.69772
seg_750d20,5.82416
seg_750e7e,9.20483
seg_75211e,6.20925
seg_753190,8.43234
seg_753ba6,2.15640
seg_7540f3,6.71240
seg_75438e,5.84599
seg_755d50,3.12042
seg_75654d,3.20953
seg_758374,2.10216
seg_758ca4,3.32258
seg_759fb1,5.89730
seg_75a878,4.42650
seg_75c34b,4.05645
seg_75cd6a,2.95877
seg_75dc3e,4.34062
seg_75e669,1.84548
seg_75e93c,3.13894
seg_75eb90,8.78267
seg_75ffc9,6.29251
seg_760d70,3.62570
seg_76106f,10.12892
seg_762188,9.82568
seg_762be4,4.97364
seg_7630c5,11.24949
seg_766e42,2.19293
seg_76b76f,10.51844
seg_76c2fa,3.86737
seg_76d16c,6.77195
seg_76e914,3.99594
seg_76f1af,3.12714
seg_76f3f2,9.62599
seg_76f76d,6.25003
seg_774ad2,3.62064
seg_77bf79,2.82664
seg_77c546,2.50636
seg_77db7b,9.65830
seg_77dbe7,4.11858
seg_77df38,7.41681
seg_77e7bf,3.83505
seg_77ea14,4.81548
seg_77f9e3,2.06203
seg_77fe77,6.16026
seg_7848f8,0.38714
seg_7862ed,3.84205
seg_786ff6,6.42532
seg_78852d,5.12673
seg_78addc,8.80569
seg_78d817,5.33209
seg_78db0a,9.12051
seg_78ded2,2.28045
seg_78fc4b,7.50265
seg_790108,7.46196
seg_7949da,2.25531
seg_79c47a,3.26258
seg_79dc90,8.54967
seg_79e301,3.10115
seg_7a09ec,6.08160
seg_7a521c,3.88195
seg_7a5243,5.04111
seg_7a9228,2.12082
seg_7a9f2b,0.99582
seg_7aeca4,7.89871
seg_7b0936,9.13842
seg_7b2994,3.71150
seg_7b3017,11.01775
seg_7b5f90,6.39024
seg_7bb771,3.63064
seg_7bec10,9.69654
seg_7bf143,2.47180
seg_7c0376,1.80641
seg_7c10c1,3.99754
seg_7c2beb,7.73943
seg_7c2c48,2.25948
seg_7c6c31,9.05918
seg_7c88d1,2.76205
seg_7c9433,5.77782
seg_7cb417,3.36849
seg_7cbb45,4.46740
seg_7cd6b1,3.96394
seg_7cdfe5,2.42115
seg_7ce9cb,4.58432
seg_7cef95,8.19455
seg_7d17eb,9.59608
seg_7d2535,2.67405
seg_7d2e57,7.83901
seg_7d65c7,10.29291
seg_7d718e,9.82764
seg_7d88e3,9.32893
seg_7d994f,2.79847
seg_7ddc30,10.43480
seg_7df3dd,5.48174
seg_7e3b3e,3.39178
seg_7e9eb7,10.87135
seg_7eb108,9.54649
seg_7ebdc3,3.11123
seg_7ed2dd,3.58782
seg_7ef97b,2.27124
seg_7efdd5,7.08080
seg_7f3ab0,4.31426
seg_7f5b6f,10.46748
seg_7f786b,4.58258
seg_7f93b2,3.82554
seg_7f9b3a,5.91767
seg_7fa6ec,0.04131
seg_7fac26,9.38811
seg_7fd3a3,3.04385
seg_7fd6b7,9.01723
seg_80211c,8.77960
seg_804fb5,6.62580
seg_80622d,8.63388
seg_807901,3.51306
seg_80b9b4,6.75554
seg_80fb86,4.40866
seg_812962,3.99340
seg_812a50,6.10635
seg_813aab,2.88663
seg_814b1f,1.81012
seg_816b7a,2.54459
seg_818382,5.33765
seg_81a8ea,9.84848
seg_81bebd,9.73884
seg_81c1a6,9.51923
seg_81c432,3.71788
seg_81f798,2.78234
seg_8200d2,3.56069
seg_82303e,3.02495
seg_82316b,4.01138
seg_8244bf,3.65317
seg_82456a,1.98697
seg_826208,5.38466
seg_827804,4.27104
seg_827a21,4.34212
seg_827c07,3.23270
seg_82c138,7.24077
seg_82ce27,3.65292
seg_82d7b6,4.24985
seg_830cff,4.91883
seg_8310ea,7.81474
seg_8324a4,7.93989
seg_8328f5,4.50166
seg_832a4d,3.96836
seg_8344ee,4.47042
seg_8353f5,10.53212
seg_836aac,3.11162
seg_836ef0,2.41873
seg_83bef8,4.73772
seg_83cb2c,2.75460
seg_83dc2e,9.21690
seg_83ef67,9.94380
seg_83f476,4.90478
seg_83f89e,8.37192
seg_83f928,9.54227
seg_8456d3,3.29008
seg_845a2a,10.98074
seg_8472f3,8.17508
seg_848695,3.18707
seg_84a65d,9.00928
seg_84b9d9,4.76576
seg_84c7fb,5.35321
seg_84fc12,8.66064
seg_8509db,-2.22930
seg_850d95,3.60284
seg_8515fd,4.00660
seg_853302,8.10863
seg_854d91,10.39559
seg_857304,3.64685
seg_85762d,6.78237
seg_8599ec,2.58709
seg_85c1c0,2.98489
seg_85e90e,8.82426
seg_85e9c6,8.83073
seg_85fb0a,2.76894
seg_864fcf,2.03882
seg_8658b3,7.55325
seg_86720f,7.83194
seg_8681aa,8.33259
seg_86892f,3.07024
seg_868c85,6.59045
seg_86cfe9,9.11367
seg_86d847,10.50693
seg_86e874,2.27932
seg_87232d,6.68353
seg_876904,7.44988
seg_8773cf,2.82495
seg_8777bd,8.88405
seg_8785e2,6.63504
seg_878d2c,9.81608
seg_87a616,2.70557
seg_87a67a,5.16974
seg_87e4e8,1.42392
seg_87f6c8,7.70385
seg_8826f4,2.45933
seg_885f53,7.34801
seg_8866f0,2.26942
seg_88a81d,3.72270
seg_88b289,10.59783
seg_890181,7.12105
seg_89791c,4.58841
seg_89885a,3.49272
seg_899bf0,4.26512
seg_89b090,1.91857
seg_89d8a0,3.79321
seg_89e207,5.85903
seg_89eed6,3.07873
seg_89f975,2.92483
seg_8a3306,4.24835
seg_8a41bf,4.17371
seg_8a6b0e,3.21352
seg_8a7201,2.94590
seg_8a8220,7.32528
seg_8a8375,7.36492
seg_8ab3a7,2.27120
seg_8ae847,4.67036
seg_8aeb99,9.21867
seg_8b39c4,9.00535
seg_8b798b,11.19872
seg_8baeab,4.54494
seg_8bc20c,2.34505
seg_8bde47,8.30948
seg_8be2da,6.87379
seg_8be76c,1.99584
seg_8bec6f,6.28240
seg_8bf229,7.28789
seg_8c0114,3.68712
seg_8c1760,8.98802
seg_8c1cca,3.73188
seg_8c1e7d,2.18043
seg_8c341c,8.68070
seg_8c6d4e,3.35918
seg_8c6e34,2.18816
seg_8cd159,3.37258
seg_8cdf83,3.95162
seg_8ce632,3.75758
seg_8cf573,5.08361
seg_8d030a,4.32363
seg_8d135f,8.94195
seg_8d3a9d,6.56250
seg_8d4435,3.40612
seg_8d4965,6.34959
seg_8d5113,5.48071
seg_8d6578,4.00575
seg_8d6a7d,3.65817
seg_8da61a,-3.11517
seg_8db6f0,7.18940
seg_8dcf3c,9.54508
seg_8dd2ab,2.12964
seg_8dd3ba,3.51900
seg_8dfc7e,2.78462
seg_8dfd7a,2.34582
seg_8e5704,7.61710
seg_8e6a3f,8.18827
seg_8e7194,4.21919
seg_8e7fca,4.38878
seg_8ebdea,9.71022
seg_8f1127,1.93584
seg_8f25b0,9.81773
seg_8f3247,0.56138
seg_8f3dfe,5.52555
seg_8f4654,5.73620
seg_8f4781,3.00796
seg_8f5589,7.23507
seg_8f592b,10.06979
seg_8f6284,3.14232
seg_8fb0d0,6.09905
seg_8fb29e,9.75003
seg_8fb828,9.68874
seg_8fc754,8.75188
seg_8fd465,2.11330
seg_902074,8.75609
seg_902bc1,7.77180
seg_903aba,10.39992
seg_907c52,4.93249
seg_90a0be,2.32107
seg_90b174,2.03227
seg_90bf60,9.19301
seg_90c258,9.16998
seg_90e904,2.17989
seg_90ec68,12.14747
seg_90ef18,8.83644
seg_911066,3.49802
seg_9122aa,4.11527
seg_913ffc,5.72889
seg_914a62,3.21959
seg_91596c,7.91239
seg_915b3e,3.62350
seg_91607c,3.63071
seg_919a6a,2.83590
seg_919c5c,3.09545
seg_91bf8c,2.40606
seg_91cff2,2.57342
seg_91eaeb,5.80685
seg_91f512,2.66349
seg_91f664,3.62215
seg_91fc29,4.19905
seg_920132,9.17160
seg_92092a,3.91139
seg_922914,5.48524
seg_922990,3.77546
seg_92310f,5.28134
seg_929ded,6.35090
seg_92a5f1,6.90016
seg_92af10,8.36696
seg_92b095,1.98948
seg_92bd37,5.40273
seg_92be9f,6.64698
seg_931244,11.05334
seg_93211c,7.26205
seg_932828,9.56959
seg_934087,3.19368
seg_939f5c,7.37395
seg_93d864,6.27273
seg_93f935,3.08940
seg_941759,8.04511
seg_943de0,9.83145
seg_944c98,2.55904
seg_945bc8,3.62749
seg_946d71,9.91532
seg_946d9a,4.48047
seg_947700,3.58929
seg_9485c0,2.88625
seg_94a133,4.57582
seg_94aa0a,6.57677
seg_94c48c,6.48432
seg_94d150,2.99805
seg_94d573,8.90632
seg_94ecad,9.70106
seg_950048,4.73543
seg_952faa,3.33432
seg_95357d,4.13442
seg_95644e,7.03305
seg_957ece,3.26982
seg_95b321,2.71447
seg_95f45e,9.09501
seg_961d02,2.79965
seg_961ddf,3.19669
seg_9626a4,2.38279
seg_96642e,4.12113
seg_966f3d,3.10374
seg_967ae4,7.53772
seg_96cd5d,3.45816
seg_96dab2,9.69033
seg_96db5e,4.17134
seg_96fa35,3.91426
seg_970b35,4.64018
seg_970e86,8.43148
seg_974049,3.50376
seg_9757ac,8.23239
seg_979a8f,1.94289
seg_97a161,4.80099
seg_97ad82,8.82267
seg_97d9ed,8.57221
seg_97e4a9,9.71363
seg_9802c3,4.74041
seg_9825e0,5.78254
seg_983778,9.73305
seg_986976,5.52832
seg_986b6e,10.40500
seg_9872f9,4.02456
seg_988e69,2.63143
seg_98a819,7.19457
seg_98be13,6.52036
seg_98c0b6,1.91104
seg_98c44d,2.85004
seg_98c544,3.10253
seg_98ebaa,9.91829
seg_98f624,9.54768
seg_9940e8,10.38081
seg_996c37,9.58654
seg_99ccbd,2.35367
seg_99f677,4.81727
seg_99f76c,4.29000
seg_9a1a4f,4.54011
seg_9a1c76,3.61499
seg_9a43ef,7.62966
seg_9a6025,6.48512
seg_9a74d8,5.94038
seg_9a7c46,6.30400
seg_9a7d1d,2.16182
seg_9a812d,3.28073
seg_9a81a3,7.04422
seg_9a8a1f,2.01710
seg_9a9041,6.56104
seg_9a92db,4.23432
seg_9aa6e2,2.60806
seg_9ab405,2.08686
seg_9ad261,5.12493
seg_9ad925,9.36574
seg_9ae1a1,9.53294
seg_9b0439,6.72948
seg_9b44d2,8.36481
seg_9b7ef8,9.73422
seg_9b7f93,3.79510
seg_9bab11,9.96499
seg_9bd388,7.25500
seg_9bee43,2.24735
seg_9c00d7,10.95965
seg_9c090f,2.22269
seg_9c2843,2.05111
seg_9c3d6a,8.30502
seg_9c3ef8,7.52295
seg_9c635d,9.13547
seg_9c6715,2.65977
seg_9c8162,6.42301
seg_9c8bc8,4.66643
seg_9ca72e,3.06717
seg_9caf50,9.70607
seg_9cb464,3.92277
seg_9d1b26,4.71639
seg_9d1dbe,9.32287
seg_9d2528,5.18919
seg_9d3013,8.58647
seg_9d452d,3.88387
seg_9d57a1,7.26958
seg_9d68cf,2.94258
seg_9d6ff0,3.32146
seg_9d7490,4.58809
seg_9d79d4,3.77079
seg_9dcae1,6.24177
seg_9ddc99,6.39039
seg_9dea8d,6.20919
seg_9df32d,2.74681
seg_9e25e9,4.82055
seg_9e3837,2.61614
seg_9e61da,2.47866
seg_9e7dff,3.22877
seg_9e8323,2.48715
seg_9e8ca4,10.20708
seg_9e962b,6.73693
seg_9ee0aa,8.58131
seg_9f042e,7.37692
seg_9f12c6,3.67106
seg_9f22a0,8.59451
seg_9f4fd4,9.60557
seg_9f57c4,8.13434
seg_9f6315,3.51194
seg_9f7542,8.12376
seg_9fc7c2,2.10018
seg_9fd9b8,5.86403
seg_9fe8b9,6.18780
seg_a00985,6.82904
seg_a009e6,6.48738
seg_a03e6a,3.12864
seg_a05c22,2.30930
seg_a06228,6.74525
seg_a0646a,2.27692
seg_a0979e,7.37097
seg_a0a423,2.88365
seg_a11dd5,3.61164
seg_a12acb,3.54606
seg_a133bc,3.78881
seg_a14212,4.97451
seg_a16a1b,3.11540
seg_a173d8,3.00229
seg_a18246,7.97009
seg_a1a511,0.79859
seg_a1acb2,4.58080
seg_a1b3cc,3.71605
seg_a1d8da,7.14654
seg_a1e5b0,6.90202
seg_a1edc1,3.75825
seg_a247ac,11.00197
seg_a25c46,3.83848
seg_a2986f,8.44197
seg_a2c108,10.71243
seg_a2d47d,4.16250
seg_a2e2c8,3.31297
seg_a2fd8b,3.76463
seg_a31d6e,8.54687
seg_a31fe3,4.60829
seg_a35c82,7.55144
seg_a35e7c,10.46764
seg_a39ebc,3.25857
seg_a39f3b,7.78796
seg_a39fa8,10.16378
seg_a3ab46,4.08937
seg_a3d4d6,2.90660
seg_a41c2c,6.52059
seg_a4208a,3.96517
seg_a420d4,4.79367
seg_a436bc,9.70810
seg_a437cb,2.84457
seg_a45455,3.82990
seg_a47cce,8.85373
seg_a489e1,6.63389
seg_a49ccc,3.85494
seg_a4ad7c,9.27579
seg_a4e745,8.42196
seg_a50d28,9.75711
seg_a5271e,2.87602
seg_a53e4c,6.23914
seg_a543e5,6.06149
seg_a55540,9.97940
seg_a55a17,3.43899
seg_a56c04,4.46721
seg_a58a6e,3.44530
seg_a5934a,10.13790
seg_a5d37f,3.23953
seg_a5dea6,10.00272
seg_a5f4dd,5.15538
seg_a5fbcc,4.16545
seg_a61e1c,4.12499
seg_a63573,3.94451
seg_a674d2,7.14461
seg_a68007,3.18051
seg_a68ffb,6.82833
seg_a69246,10.00833
seg_a6959c,8.56204
seg_a6bf91,6.14254
seg_a6c5cc,2.61844
seg_a6cd86,4.08669
seg_a6e801,2.01327
seg_a6e99c,0.94625
seg_a6eed3,2.64717
seg_a704ee,6.15356
seg_a7561c,2.22253
seg_a7b454,3.46193
seg_a7d0eb,5.00928
seg_a7e49b,6.06629
seg_a80123,2.82733
seg_a802fa,8.75270
seg_a80f6f,6.58910
seg_a82229,8.98962
seg_a84c13,3.65823
seg_a86231,4.20856
seg_a8685e,8.18805
seg_a86a05,6.52382
seg_a87e79,2.35581
seg_a88097,9.00576
seg_a88dde,8.51264
seg_a8bb2f,4.49953
seg_a8ddf7,2.08175
seg_a8e6df,3.89870
seg_a8e71a,2.58763
seg_a9089b,2.42252
seg_a91c03,7.20631
seg_a93a88,8.39522
seg_a96b47,3.34992
seg_a975df,2.69654
seg_a99161,2.92454
seg_a99799,2.52799
seg_a99be9,9.46096
seg_a9a820,3.40505
seg_a9b957,4.16224
seg_a9f80e,8.85755
seg_aa0180,3.23035
seg_aa1adf,4.46383
seg_aa508a,2.19148
seg_aa78e0,6.95121
seg_aa7a4b,6.71514
seg_aa98cc,-0.58789
seg_aa9b8e,6.74411
seg_aaa2ae,3.41577
seg_aabc52,9.64584
seg_aae025,8.35843
seg_ab001b,3.43567
seg_ab15ad,7.17906
seg_ab2a78,2.30708
seg_ab3f14,8.12992
seg_ab4bca,2.55481
seg_ab644e,5.90865
seg_ab70bd,7.37539
seg_ab9654,10.55399
seg_aba501,2.83443
seg_abaad2,8.95119
seg_abb03a,4.59621
seg_abb06a,6.46975
seg_abc5fd,7.47297
seg_abda04,8.42554
seg_abeca6,9.07536
seg_ac45ae,8.94398
seg_ac5c61,9.99224
seg_ac68bb,1.56579
seg_ac9de5,2.61965
seg_acd715,11.95626
seg_acf2f4,7.60737
seg_ad3a44,2.40204
seg_ad3cf0,4.42753
seg_ad591c,7.99993
seg_ad759c,2.34352
seg_ad82ca,6.41586
seg_ad949a,3.18464
seg_ada42c,3.65256
seg_ada81a,8.91970
seg_ade769,6.51949
seg_adf94a,1.42720
seg_adf986,6.16731
seg_ae32a6,5.42486
seg_ae3388,7.90256
seg_ae3d92,4.06817
seg_ae42b3,9.90310
seg_ae9626,2.32281
seg_ae9761,10.13892
seg_aec276,10.29213
seg_aed434,6.68252
seg_aee7c0,9.18099
seg_aee9bf,3.40387
seg_aeeb31,2.15471
seg_af1650,2.46405
seg_af2472,2.80733
seg_af6204,4.89185
seg_af703b,7.86399
seg_af959f,7.78666
seg_afa4a1,8.40940
seg_afadfb,7.04695
seg_afca81,3.19046
seg_afd665,4.35623
seg_b00f05,8.23439
seg_b02e31,8.52259
seg_b03de5,9.54091
seg_b08e9d,10.18760
seg_b0a794,2.88858
seg_b0bf65,2.06960
seg_b0cf32,10.24305
seg_b0d251,5.83789
seg_b0f9cd,7.93160
seg_b108c9,3.99867
seg_b13220,2.34763
seg_b13fb9,6.35511
seg_b197e2,3.43582
seg_b1a35c,7.93520
seg_b1b95e,2.46399
seg_b1fea8,2.29021
seg_b20487,10.15884
seg_b21273,4.83505
seg_b23489,3.60467
seg_b253ee,2.95085
seg_b25dde,1.99750
seg_b26368,3.08539
seg_b284b2,2.93564
seg_b291c0,3.96424
seg_b2b29d,7.27624
seg_b2b331,4.50139
seg_b2e045,4.03130
seg_b31961,4.90846
seg_b32d1d,2.64001
seg_b35174,-0.03073
seg_b36650,5.08108
seg_b36c8a,3.49624
seg_b378bc,2.20542
seg_b3883e,7.12823
seg_b3cf21,3.71081
seg_b3d886,3.81355
seg_b402ac,6.59851
seg_b41d3c,3.44523
seg_b42170,3.39841
seg_b4402d,11.19151
seg_b44c2e,8.29109
seg_b47c19,4.79537
seg_b4c040,2.82001
seg_b4cb44,9.62318
seg_b4f7a8,5.30916
seg_b50239,2.30076
seg_b51380,10.67310
seg_b51b7c,5.10698
seg_b52710,4.36959
seg_b52add,9.40826
seg_b52dac,5.16585
seg_b54024,2.36809
seg_b568c6,8.35719
seg_b57e76,5.65001
seg_b5804a,2.96435
seg_b58542,3.93341
seg_b5a447,8.03457
seg_b5aee9,4.67450
seg_b6254c,2.87846
seg_b63de1,1.90571
seg_b64c9c,8.25806
seg_b66b87,2.75438
seg_b686e5,2.09356
seg_b687fc,2.54489
seg_b691c5,2.26138
seg_b69455,9.62904
seg_b695b3,3.70270
seg_b6bdaa,6.73928
seg_b6c10d,6.80751
seg_b6cb2b,3.33806
seg_b72413,7.13185
seg_b735a5,7.62072
seg_b77bf5,9.37173
seg_b782c7,8.16828
seg_b78883,9.50243
seg_b7a8a1,6.13364
seg_b7b098,2.44498
seg_b7da0a,3.17614
seg_b7eeb6,6.56595
seg_b80358,7.79577
seg_b80366,7.24125
seg_b80b89,5.59747
seg_b8141c,3.23885
seg_b853c1,9.53813
seg_b853f8,5.16169
seg_b86ce1,4.39429
seg_b8725b,1.94532
seg_b8745c,10.40239
seg_b87cf5,9.36643
seg_b88baa,7.42728
seg_b89218,10.90330
seg_b89e47,1.95613
seg_b8b72f,3.86697
seg_b8bb87,11.09352
seg_b8fd73,11.35738
seg_b91011,5.98051
seg_b917b5,6.67126
seg_b91ae2,3.74582
seg_b9361a,3.90475
seg_b9365c,2.14676
seg_b947ae,3.60969
seg_b95010,3.44194
seg_b95a77,10.18157
seg_b9619c,7.20548
seg_b9ad7f,6.27374
seg_b9bdd7,4.65098
seg_b9d8a0,6.42307
seg_b9de03,4.54514
seg_b9ec4b,2.94791
seg_ba0485,9.99883
seg_ba1d68,2.75742
seg_ba2c48,3.55173
seg_ba3c47,0.92493
seg_ba3e74,2.37255
seg_ba4ea3,9.65122
seg_ba5e7e,3.07104
seg_ba83da,5.03934
seg_ba941e,9.14940
seg_ba98dc,2.36861
seg_ba9dbf,3.87059
seg_baa745,6.63204
seg_bb171f,7.02378
seg_bb180c,4.02217
seg_bb2d77,2.22070
seg_bb5e15,2.46991
seg_bb6904,2.66006
seg_bb6fcb,6.31078
seg_bb92b1,5.70391
seg_bbb01e,7.31824
seg_bbbc30,3.72149
seg_bbf805,3.92846
seg_bbfd4e,10.06913
seg_bc07c8,1.87833
seg_bc1d67,6.64583
seg_bc2186,8.36448
seg_bc437b,8.16801
seg_bca500,6.22848
seg_bcc8f1,7.20036
seg_bce23c,6.64747
seg_bce305,4.68041
seg_bcf2d9,4.27444
seg_bcf6af,6.78201
seg_bcfad6,4.97358
seg_bd00c4,6.20652
seg_bd2b0c,4.64970
seg_bd31bf,6.40978
seg_bd40f2,8.91019
seg_bd4d30,4.66769
seg_bd5022,2.26604
seg_bd629b,5.04886
seg_bd6f5f,10.32079
seg_bd7109,5.35585
seg_bdae02,9.66280
seg_bdf84b,4.77938
seg_be0cdc,1.11934
seg_be0dfa,7.48532
seg_be19e2,7.85177
seg_be30ce,4.66522
seg_be4612,8.85207
seg_be62ef,6.90941
seg_be65f2,3.21230
seg_be811d,2.20904
seg_beb650,7.39905
seg_beda44,5.96280
seg_bee792,6.98713
seg_bf1294,1.68850
seg_bf1430,6.31731
seg_bf1a72,4.68009
seg_bf2d1f,9.67921
seg_bf4bf2,1.96467
seg_bf4ec0,6.89776
seg_bf58ce,7.59904
seg_bf7224,3.85369
seg_bfdd14,1.51026
seg_bfe0b6,9.60581
seg_bff05e,10.29547
seg_bff392,2.73317
seg_c01a57,1.81809
seg_c01d9a,8.12785
seg_c01f63,8.55101
seg_c0260d,6.71634
seg_c047b7,5.08215
seg_c05a7d,9.34306
seg_c07b7c,3.96929
seg_c08d36,3.97275
seg_c09a41,4.72106
seg_c0c0ed,6.23013
seg_c0d7da,1.85238
seg_c0e1b9,4.35483
seg_c0ea9f,6.48819
seg_c106ca,3.76151
seg_c10a58,9.13372
seg_c11828,2.17592
seg_c11a4f,2.60621
seg_c12d7d,8.78660
seg_c146a8,5.62033
seg_c15d21,8.22186
seg_c17817,2.11386
seg_c179f8,6.32320
seg_c183e4,4.86780
seg_c186dc,3.43953
seg_c18d5a,4.33210
seg_c1fe9a,2.48107
seg_c20a27,4.86615
seg_c20c06,1.99581
seg_c21723,3.34051
seg_c21d60,5.54619
seg_c22bd4,10.22621
seg_c23429,3.79371
seg_c23641,4.39514
seg_c243a6,3.55145
seg_c24946,4.05358
seg_c25855,10.15546
seg_c267a5,4.35137
seg_c26fb4,2.85924
seg_c27591,3.24607
seg_c2a0c8,5.19034
seg_c2b8f7,4.23203
seg_c3507f,6.00168
seg_c35940,2.93901
seg_c365de,2.09897
seg_c3836b,3.41677
seg_c3f672,8.75092
seg_c3f8d7,3.83932
seg_c41d1d,3.92676
seg_c42490,4.68211
seg_c42952,5.64077
seg_c44bbc,3.04454
seg_c46ce6,2.51422
seg_c472cf,8.72121
seg_c47bdc,7.45215
seg_c4af54,3.41596
seg_c5064e,6.07333
seg_c509ff,4.35215
seg_c522f8,6.42177
seg_c5256d,6.48249
seg_c52ae6,0.61130
seg_c5325c,10.21967
seg_c550b1,8.97814
seg_c565bd,3.92961
seg_c571ef,5.01940
seg_c588c1,10.59433
seg_c58ca5,5.79920
seg_c5abaa,6.54808
seg_c5c455,2.20175
seg_c5c6ea,7.05646
seg_c5dada,3.72266
seg_c5dee4,1.86086
seg_c5f986,2.30622
seg_c5fc3b,9.66947
seg_c5fc87,4.77083
seg_c607eb,2.17086
seg_c60dca,3.61228
seg_c60f1d,2.76461
seg_c627fc,8.79105
seg_c62a06,3.17762
seg_c65135,2.69893
seg_c654e7,6.11809
seg_c666dd,5.27997
seg_c671f7,7.21881
seg_c6b514,3.11228
seg_c6c29f,3.02774
seg_c6f0a2,2.67369
seg_c6f533,3.18729
seg_c6f9c2,3.43818
seg_c703be,7.20917
seg_c70fde,7.83473
seg_c714d0,8.84476
seg_c73df6,3.42759
seg_c747ad,10.29332
seg_c747b4,3.64717
seg_c7a3bc,2.37384
seg_c7a401,3.85004
seg_c7a579,8.03818
seg_c7b424,8.75759
seg_c80857,-0.17416
seg_c81e10,8.50695
seg_c81fec,4.68233
seg_c8459f,9.60970
seg_c87c24,3.84898
seg_c901c0,2.37078
seg_c90be5,10.04919
seg_c9201c,2.37916
seg_c9481f,5.96555
seg_c94941,2.26008
seg_c9831a,1.84100
seg_c9e533,8.13954
seg_c9f80a,4.94472
seg_ca2d1b,4.55965
seg_ca407b,4.86711
seg_ca44a8,3.38252
seg_ca67ee,3.81825
seg_ca6d70,2.91612
seg_ca8389,3.13103
seg_ca88e3,9.34580
seg_ca9e39,3.85753
seg_caa919,5.77597
seg_cacd0a,6.11619
seg_cacd58,4.61989
seg_cb0e21,10.71365
seg_cb806c,4.16880
seg_cbcce9,6.20896
seg_cbfb19,7.25186
seg_cc096e,9.98397
seg_cc2c46,6.90000
seg_cc2e9b,3.17389
seg_cc4199,10.78728
seg_cc4932,8.17412
seg_cc4950,2.52111
seg_cc667b,5.48857
seg_cc7a19,2.21709
seg_cc7e39,8.49111
seg_ccdc28,2.07178
seg_cd0691,2.39928
seg_cd2b34,5.10622
seg_cd2b53,2.10777
seg_cd352f,11.88429
seg_cd43b4,8.02159
seg_cd699e,3.55514
seg_cd9f9b,7.57416
seg_cdadb5,9.74404
seg_cdf88e,1.92578
seg_ce00bb,4.41125
seg_ce46ba,2.56559
seg_ce472b,8.01230
seg_ce5520,2.56483
seg_ce5832,3.04877
seg_ce72e2,3.58746
seg_ce7537,2.24010
seg_ce9f59,2.69231
seg_cea185,3.58656
seg_ceab44,5.08542
seg_ceb942,2.17657
seg_cec2f2,6.66551
seg_cecd29,6.28668
seg_ced992,2.11142
seg_cedf3e,9.72909
seg_cee7d0,9.90907
seg_cf0e43,5.66895
seg_cf1371,2.25408
seg_cf25d2,3.35707
seg_cf3825,1.00825
seg_cf5764,5.06476
seg_cf646e,6.78237
seg_cf74e8,2.50680
seg_cf9a49,4.41725
seg_cfed24,2.18656
seg_cff594,2.01628
seg_d014a3,8.69769
seg_d0598e,3.68713
seg_d062a6,9.79096
seg_d07c62,2.93030
seg_d07ce8,10.20905
seg_d098df,8.79019
seg_d0c280,1.95696
seg_d0c8e2,3.37828
seg_d0f262,6.14192
seg_d0f803,3.95244
seg_d1045e,10.41761
seg_d11ca8,8.09334
seg_d14524,4.65751
seg_d146a6,2.29487
seg_d16534,7.11145
seg_d19980,8.23821
seg_d1a281,4.99619
seg_d1a2b9,2.01694
seg_d1a8b3,2.33537
seg_d1abaa,10.60549
seg_d1b91e,7.13593
seg_d1ca05,8.46366
seg_d1cb37,9.95676
seg_d1eee8,9.14950
seg_d1fbb8,8.51837
seg_d21066,3.79582
seg_d21eb6,7.18285
seg_d24095,10.01903
seg_d247da,7.43207
seg_d2551a,9.64390
seg_d26f7d,9.09894
seg_d27193,3.37496
seg_d27812,1.45022
seg_d29a4b,4.33936
seg_d2a533,5.98874
seg_d2ad9a,1.93917
seg_d2cb02,5.97161
seg_d2db6b,4.69472
seg_d2f588,9.49087
seg_d30a9d,2.43123
seg_d31583,9.36295
seg_d320f5,4.02128
seg_d328bb,3.18167
seg_d32f71,3.98382
seg_d32f8a,5.58416
seg_d35274,3.11532
seg_d356ab,3.57887
seg_d35e50,6.43782
seg_d36055,9.81679
seg_d36342,8.43603
seg_d36681,8.06104
seg_d36737,3.79136
seg_d37b05,7.13277
seg_d39131,8.26030
seg_d398df,6.21022
seg_d3992e,9.54176
seg_d3bb14,1.20817
seg_d3d8fc,2.73317
seg_d3f6b0,4.58375
seg_d3f967,3.70891
seg_d40bb2,9.43223
seg_d41daa,7.88043
seg_d42c77,6.48652
seg_d44589,3.91655
seg_d47aba,2.82287
seg_d4c763,5.95397
seg_d4dec8,7.02848
seg_d4ea17,7.89614
seg_d508db,5.06554
seg_d516e3,8.52323
seg_d56ae2,7.62341
seg_d56d32,8.25968
seg_d59e4e,4.85874
seg_d5b100,3.45175
seg_d5d3a1,6.01440
seg_d5dbc1,2.37709
seg_d5df41,7.81178
seg_d5f344,4.16703
seg_d60d18,4.61500
seg_d62e9c,2.76255
seg_d63175,7.03438
seg_d661ce,2.80325
seg_d668c0,7.77804
seg_d68930,10.20127
seg_d693b0,10.54778
seg_d6b198,4.54792
seg_d6b386,8.03611
seg_d6b546,7.27301
seg_d6dad6,6.84622
seg_d6ea73,3.34163
seg_d702b2,8.50600
seg_d71352,9.81441
seg_d740b2,9.74783
seg_d753f8,2.44656
seg_d78093,3.26201
seg_d78e7d,2.22407
seg_d795ab,6.70105
seg_d7967e,9.73295
seg_d7a805,7.48680
seg_d7ab50,3.81818
seg_d7f015,6.17458
seg_d7f53a,3.14268
seg_d8014d,5.00083
seg_d83890,4.00397
seg_d85e2e,5.11879
seg_d86eb6,2.84470
seg_d88da7,8.37650
seg_d89369,2.18784
seg_d90c5f,3.38810
seg_d91492,8.25777
seg_d9190c,4.96182
seg_d9352b,6.36339
seg_d962cc,8.88486
seg_d9750c,4.36478
seg_d9a2bb,5.36422
seg_d9b162,8.04653
seg_d9bb68,6.47581
seg_d9ce67,2.06852
seg_d9d0e4,4.32354
seg_d9dab4,10.10539
seg_da21ee,7.74161
seg_da7c3b,7.70081
seg_da80c4,10.08318
seg_da8b88,4.52998
seg_dab0f9,6.28651
seg_dad4f2,7.53312
seg_db3446,8.48173
seg_db3a95,3.81681
seg_db3fbe,8.98122
seg_db4185,3.35690
seg_db606c,6.76972
seg_db694a,5.49631
seg_db6d5f,6.82434
seg_db90c0,3.58491
seg_dbbb44,6.63949
seg_dbc615,3.72589
seg_dbf3f2,2.72971
seg_dc188b,5.22035
seg_dc1cf0,9.30262
seg_dc23c0,9.45506
seg_dc4698,4.12158
seg_dc5e63,3.52689
seg_dc6e94,3.70739
seg_dc73b8,2.17404
seg_dc7e0d,2.29448
seg_dca2c2,9.35762
seg_dcb51d,4.03283
seg_dcbe02,2.53284
seg_dcd9df,2.35608
seg_dcee28,5.36362
seg_dceeca,2.85978
seg_dcf242,5.94102
seg_dcfb4b,7.91977
seg_dd0b11,3.10591
seg_dd4594,3.26120
seg_dd699c,2.15596
seg_dd780d,4.19292
seg_dd8805,6.40931
seg_ddbadc,10.28381
seg_ddc800,9.21919
seg_ddd206,7.19840
seg_ddddf0,3.37753
seg_de225c,9.54035
seg_de3237,8.81032
seg_de3d5e,3.06909
seg_de4e1d,4.53885
seg_de8180,2.34707
seg_de98fa,2.09361
seg_de9e32,10.09988
seg_df0df7,8.14188
seg_df352f,3.40991
seg_df45b0,7.37498
seg_df8385,3.25588
seg_df8e0a,8.01908
seg_df99d4,2.88372
seg_dff078,5.90648
seg_e00465,8.29891
seg_e051bc,4.26470
seg_e05de2,2.46095
seg_e067ab,6.67632
seg_e09301,2.56266
seg_e0c329,3.58314
seg_e0ce38,8.45087
seg_e0cfd4,4.64273
seg_e0f296,8.14274
seg_e10d3b,9.08644
seg_e13bd8,4.73526
seg_e14149,6.36708
seg_e1468f,9.71098
seg_e15cb9,6.29223
seg_e197b8,4.78616
seg_e1a9e0,7.82378
seg_e1daa0,6.56090
seg_e1f045,5.95557
seg_e1f081,8.99784
seg_e20d76,3.75715
seg_e217fc,5.84965
seg_e2209b,4.13936
seg_e24496,9.15903
seg_e24f69,3.93751
seg_e256bd,2.07182
seg_e25aca,3.77090
seg_e266f4,6.66937
seg_e27c0a,3.10402
seg_e29670,3.06928
seg_e2b8b1,9.63613
seg_e2c82c,3.71947
seg_e3005e,3.07143
seg_e30e44,2.18307
seg_e30ef5,1.92679
seg_e34052,2.71248
seg_e37b8e,5.17598
seg_e3b1f1,6.96751
seg_e3ca24,8.45172
seg_e3cf1a,5.23394
seg_e3d751,1.46810
seg_e3dafa,8.59746
seg_e3e762,8.47630
seg_e40348,6.58192
seg_e405fe,2.12575
seg_e40d64,8.76660
seg_e41fc9,4.44784
seg_e47d2b,3.70656
seg_e481c7,6.87349
seg_e48c23,8.43034
seg_e49750,5.86520
seg_e4c15a,5.39740
seg_e4f203,5.84573
seg_e4f403,3.62017
seg_e50f16,10.86307
seg_e52f8c,5.49200
seg_e53a52,3.76886
seg_e54932,8.46632
seg_e5750a,9.62363
seg_e59dca,9.03672
seg_e5b510,3.12143
seg_e5c033,6.54690
seg_e5deec,3.03073
seg_e5e238,2.32224
seg_e5f9ec,7.89603
seg_e5fbc1,1.79651
seg_e60719,8.10784
seg_e6307f,7.62129
seg_e64dfa,5.83011
seg_e65e69,4.72509
seg_e66697,5.61565
seg_e6b236,6.91365
seg_e6bd3f,3.22619
seg_e6c973,7.09032
seg_e6e1df,1.66427
seg_e6e24e,7.16191
seg_e71dda,5.14292
seg_e72f10,8.27583
seg_e742dc,7.03017
seg_e76e6e,4.24775
seg_e7ac12,4.10453
seg_e7ced6,7.50433
seg_e7d1f8,2.60073
seg_e7d3e7,7.83507
seg_e80726,5.07802
seg_e81b50,3.47827
seg_e8385f,8.83540
seg_e85f55,2.32036
seg_e86e44,3.10771
seg_e86ed1,9.08644
seg_e86f77,2.21007
seg_e877a5,5.84501
seg_e8a2c4,5.20649
seg_e8a4f4,5.91657
seg_e8ac98,2.12839
seg_e8ad6b,5.55426
seg_e8b2b3,8.34062
seg_e8bcde,2.73278
seg_e8ce6a,2.54981
seg_e8d02f,3.38363
seg_e90c0d,4.81996
seg_e92526,3.47441
seg_e9272e,2.95836
seg_e96140,5.04620
seg_e98217,2.11783
seg_e9a09f,2.51757
seg_e9aa44,9.97784
seg_e9df42,8.53589
seg_e9e65b,6.62477
seg_ea0091,4.26342
seg_ea05c1,9.81839
seg_ea096b,9.40227
seg_ea098b,9.12186
seg_ea4d3a,7.61990
seg_ea78c0,5.90402
seg_ea8270,10.26601
seg_ea9d37,3.48074
seg_ea9fa4,9.43892
seg_eaa0ec,7.43263
seg_eabb2c,9.91094
seg_eacccf,3.19209
seg_ead30e,4.37576
seg_eb0b19,7.14321
seg_eb1d6e,3.44292
seg_eb2e11,5.97054
seg_eb32bc,2.36234
seg_eb47a9,2.17548
seg_eb692c,9.42781
seg_eb7595,5.82814
seg_eb7f91,5.77183
seg_eba22d,8.88641
seg_ebb79f,5.93325
seg_ebd77b,10.01336
seg_ebe36c,5.44279
seg_ebec3e,3.73418
seg_ec0e7b,7.10200
seg_ec4645,1.82361
seg_ec73d5,3.32399
seg_ec973c,10.52389
seg_eca2eb,4.76916
seg_ecaef0,6.88996
seg_eccb17,2.20931
seg_ecdca4,3.58598
seg_ecf28d,6.09479
seg_ecf81b,7.89922
seg_ed07b0,4.24058
seg_ed3e4c,7.84694
seg_ed52ac,10.25345
seg_ed7741,9.42069
seg_ed7dee,4.54806
seg_ed7f69,3.52108
seg_edda79,6.66450
seg_edecaa,5.14366
seg_ee1cfc,3.69978
seg_ee2781,9.05326
seg_ee4479,3.30356
seg_ee4ae5,2.01317
seg_ee7224,2.64772
seg_ee87e2,2.20688
seg_ee8f87,4.51030
seg_eea20e,6.91959
seg_eebbc2,5.09494
seg_eee89d,3.07348
seg_eefd4a,3.33416
seg_ef24bd,3.97289
seg_ef27c8,2.28685
seg_ef47c4,10.00164
seg_ef644a,6.14338
seg_ef660a,7.77674
seg_ef74dc,7.00349
seg_ef779d,3.68673
seg_ef9105,9.12097
seg_efb639,7.72581
seg_efbf3e,7.18213
seg_efc5fb,9.49536
seg_efd9ec,3.01607
seg_f003ca,8.29631
seg_f01368,6.08482
seg_f0181d,4.01880
seg_f02d32,6.50164
seg_f056d8,4.40861
seg_f0574b,3.75933
seg_f073e2,4.58791
seg_f0ce4a,2.60917
seg_f0cedb,7.95355
seg_f0d278,2.57159
seg_f0db55,1.95537
seg_f11620,3.71441
seg_f11f77,5.49654
seg_f165f6,2.36621
seg_f19f8e,8.68522
seg_f1a771,2.46160
seg_f1b916,2.30741
seg_f1f5b9,2.17228
seg_f21a22,3.83563
seg_f21bf4,6.00006
seg_f22163,9.79050
seg_f229bf,4.91358
seg_f24292,4.45100
seg_f2750c,6.06777
seg_f2a20d,3.59164
seg_f2ae5e,5.87737
seg_f2b0c5,2.31499
seg_f2cb5e,2.97055
seg_f2f5a3,2.66706
seg_f3063a,6.81349
seg_f30b2f,6.71580
seg_f30f0c,8.36313
seg_f322b1,6.41604
seg_f342a3,4.40115
seg_f34877,6.97381
seg_f383fb,3.88471
seg_f3c578,3.19002
seg_f43730,6.48005
seg_f43ab6,2.45717
seg_f455bc,10.29080
seg_f46cc1,2.85245
seg_f48363,3.29606
seg_f48db9,3.89592
seg_f4ad4b,4.40927
seg_f4d644,2.90978
seg_f52cdc,11.48500
seg_f5406b,4.06514
seg_f579ba,2.32297
seg_f57ca1,9.45763
seg_f59974,9.09592
seg_f5a4ee,10.92940
seg_f5a6ab,7.62809
seg_f5d2dd,9.65449
seg_f5e682,2.12938
seg_f60872,7.42481
seg_f618a8,9.09577
seg_f61b0e,6.18780
seg_f639cd,10.35458
seg_f639ec,6.19492
seg_f650cc,2.29451
seg_f6659e,3.55536
seg_f66db1,8.24630
seg_f679c6,7.87105
seg_f67ce2,2.29985
seg_f6828d,2.20330
seg_f69c38,4.69713
seg_f6a217,2.72524
seg_f6abc5,9.30399
seg_f6b70c,8.78527
seg_f6bae8,5.66902
seg_f6c0cb,3.48770
seg_f6c928,8.46677
seg_f6cfd4,7.80470
seg_f6d51b,2.52367
seg_f6e1ca,3.13712
seg_f6e89f,8.51322
seg_f6f523,3.99914
seg_f6f683,4.92977
seg_f7050a,3.45173
seg_f70b66,6.08843
seg_f71db8,6.94916
seg_f7290f,2.95630
seg_f734c8,9.63721
seg_f741af,3.30342
seg_f77ee5,9.11275
seg_f7d792,2.35107
seg_f7de40,9.01592
seg_f80e44,5.71536
seg_f83d28,4.47155
seg_f865be,3.09416
seg_f86c41,5.06906
seg_f88d4a,3.79267
seg_f8db0a,2.55937
seg_f8dd7e,4.00446
seg_f931de,4.45497
seg_f93ce5,2.71592
seg_f95fd3,7.74964
seg_f96d0e,3.20283
seg_f96d5a,7.59507
seg_f97274,2.83973
seg_f99b64,6.62980
seg_f9e4f2,9.82297
seg_f9eea3,5.45876
seg_fa0ac7,6.49058
seg_fa34c7,7.43155
seg_fa488e,2.73173
seg_fa4df0,3.25322
seg_fa6383,6.86937
seg_fa796b,3.66107
seg_fa9f00,4.03828
seg_fad815,3.82936
seg_fb00b3,7.77896
seg_fb11ba,6.63067
seg_fb1f5c,7.88849
seg_fb4c26,4.96516
seg_fb74f0,8.08799
seg_fb76ca,6.75144
seg_fb8af5,3.00817
seg_fb9491,3.56527
seg_fb9b2e,8.72417
seg_fbce13,2.25275
seg_fbd66b,4.21035
seg_fbddb9,9.91344
seg_fbe3c2,6.51504
seg_fbf17a,8.73923
seg_fbff25,2.49064
seg_fc407c,5.46810
seg_fc57d4,2.23144
seg_fc8fd6,2.29305
seg_fcb7d0,9.87761
seg_fcca66,4.67064
seg_fcd32e,5.80876
seg_fd19b8,9.27254
seg_fd374e,5.28641
seg_fd6340,4.24728
seg_fd8add,6.65152
seg_fd9ac1,4.85495
seg_fdba93,4.23756
seg_fdc1d4,3.32407
seg_fdd50e,1.57843
seg_fde767,6.13300
seg_fde86d,7.16580
seg_fdff11,1.71835
seg_fe2aac,3.38904
seg_fe5945,3.52268
seg_fe70c0,7.11509
seg_fe73b1,8.90731
seg_fe86f5,5.06148
seg_fea3e2,8.58333
seg_feb312,6.75502
seg_fedbd1,9.01422
seg_ff0f1b,2.87339
seg_ff1a62,9.11448
seg_ff2f2d,6.18135
seg_ff4236,4.13106
seg_ff7478,6.12185
seg_ff79d9,1.96982
seg_ffbd6a,1.96469
seg_ffe7cc,9.35901
